"stoej_kode";"stoej";"aktiv";"begrebsdefinition"
1;"44 dB(A) ved en vindhastighed på 8 m/s i det åbne land";1;"Måles ved 15 meter fra beboelse i det åbne land ved 8 m/s"
2;"42 dB(A) ved en vindhastighed på 6 m/s i det åbne land";1;"Måles ved 15 meter fra beboelse i det åbne land ved 6 m/s"
3;"39 dB(A) ved en vindhastighed på 8 m/s i støjfølsomt område";1;"støjfølsom arealanvendelse ved 8 m/s"
4;"37 dB(A) ved en vindhastighed på 6 m/s i støjfølsomt område";1;"støjfølsom arealanvendelse ved 6 m/s"
9;"Ukendt";1;"Mangler viden om typen"
