"kode";"tekst";"aktiv";"begrebsdefinition"
1;"Pullert";1;"Pæl eller stolpe"
2;"Trafikskilte";1;"Trafikskilte med f.eks. vigepligt, parkeringsforbud m.v."
3;"Rampe";1;"Skrående flade, der giver niveaufri passage"
4;"P-automater";1;"Automat til at købe parkeringsbillet i."
5;"Signalanlæg (lyssignaler)";1;"Lysregulering typisk i vejkryds."
6;"Vejnavneskilt";1;"Skiltet med vejens navn"
7;"Belysning";1;"Gadelys"
8;"Pumpestation";1;"Pumpestation for vejanlæg"
9;"El-skab";1;"Skab hver der elektriske installationer m.v."
10;"Spærrebum";1;"Spærrebum til blokering af"
11;"Fartmåler";1;"Fast fartmåler"
12;"Tællerstation";1;"Installation der automatisk tæller biler m.v."
98;"Andet";1;"Andet"
99;"Ukendt";1;"Manglende viden"
