"kode";"tekst";"aktiv";"begrebsdefinition"
1;"Andelsboligforening";1;"En forening, der er stiftet med det formål at erhverve, eje og drive den ejendom, som foreningens medlemmer bor i."
2;"Borgerforening";1;"Forening af borger/beboer indenfor et område. Dækker ofte mindre bysamfund/landsbyer."
3;"Grundejerforening";1;"En forening af grundejer i et område. Nogle gang tvunget medlemskab via lokalplan. Nogle gange kan ikke ejer men beboer i området også være med."
4;"Vejlav";1;"En frivillig forening af bruger/grundejer af et vejsystem/-strækning. Primære opgave er vedligeholdelse af en privatejet vejstrækning. Her under også snerydning."
5;"Facaderåd";1;"Facaderåd varetager opgaver for kommunen f.eks. i henhold til  lokalplan om facader mv."
6;"Haveforening";1;"Kolonihaver m.m."
7;"Almennyttige boligforeninger";1;"almennyttige boliger, sociale boliger, lejeboliger opført som offentlig støttet boligbyggeri af et godkendt almennyttigt boligselskab; siden 1996 anvendes betegnelsen almene boliger."
8;"Andet";1;"Ingen af de andre passer entydigt på objektet."
9;"Uoplyst";1;"Mangler viden for at kunne udfylde feltet."
