"elavsnavn";"elavskode";"elavskode_long"
"Brunsgård, Lemvig Jorder";2007254;2007254
"Pilgård, Nr. Nissum";1261252;1261252
"Kongensgård Hgd., Nr. Nissum";1261251;1261251
"Surkær Gde., Gudum";1260458;1260458
"Trabjerggårdes Jorder, Gudum";1260459;1260459
"Trabjerg Gde., Gudum";1260461;1260461
"Østergård, Gudum";1260462;1260462
"Den østlige Del, Nr. Nissum";1261255;1261255
"Lemtorp, Lemvig Jorder";2007258;2007258
"Bjerrum, Gudum";1260451;1260451
"Krogsgård, Gudum";1260457;1260457
"Gudum Præstegård, Gudum";1260453;1260453
"Hvistendal, Gudum";1260455;1260455
"Gudumkloster Hgd., Gudum";1260452;1260452
"Den sydlige Del, Gudum";1260454;1260454
"Høvsøre Enge, Fjaltring";1250452;1250452
"Rysensten Hgd., Bøvling";1260154;1260154
"Klosterheden, Gudum";1260456;1260456
"Ø. Ørs Gde., Rom";1261458;1261458
"V. Ørs Gde., Rom";1261457;1261457
"Kirkegård, Heldum";1260552;1260552
"Ballegård, Heldum";1260551;1260551
"Bjerregård, Rom";1261451;1261451
"Bjerregård, Lemvig Jorder";2007253;2007253
"Præstegården, Vandborg";1251051;1251051
"Tørring Stor, Tørring";1261551;1261551
"Sodborg, Rom";1261456;1261456
"Knudsgård, Dybe";1250151;1250151
"Rom By, Rom";1261455;1261455
"Hvolgård, Rom";1261452;1261452
"Nr. Ravnsbæk, Rom";1261453;1261453
"Den østlige Del, Dybe";1250153;1250153
"Enlige Gårde, Lomborg";1260852;1260852
"Den nordlige Del, Harboøre";1250551;1250551
"Præstegården, Hygum";1250751;1250751
"Engbjerg By, Engbjerg";1250251;1250251
"Lemvig Bygrunde";2007251;2007251
"Vinkel, Heldum";1260553;1260553
"Kærgård, Lemvig Jorder";2007257;2007257
"Østerbol, Lemvig Jorder";2007259;2007259
"Kabbel, Lemvig Jorder";2007256;2007256
"Ulsund Hgd., Nees";1261051;1261051
"Nees By, Nees";1261052;1261052
"Klitengene, Bøvling";1260153;1260153
"Tangsgård, Gudum";1260460;1260460
"Kronheden, Lomborg";1260851;1260851
"Nr. Holmgård Hgd., Møborg";1260951;1260951
"Stovgård, Møborg";1260952;1260952
"Møborg Ejerlav, Møborg";1260953;1260953
"Skalstrup By, Nees";1261053;1261053
"Den nordlige Del, Nr. Nissum";1261253;1261253
"Den sydlige Del, Nr. Nissum";1261254;1261254
"Rom Hede, Rom";1261454;1261454
"Kirkegård, Lemvig Jorder";2007255;2007255
"Hovedejerlavet, Fjaltring";1250451;1250451
"Lynghøj, Trans";1250951;1250951
"Vadskærgård Hgd., Tørring";1261552;1261552
"Brørup By, Bøvling";1260151;1260151
"Dal Anneksgård, Fabjerg";1260251;1260251
"Den vestlige Del, Dybe";1250152;1250152
"Den sydlige Del, Harboøre";1250552;1250552
"Ferring By, Ferring";1250351;1250351
"Ramme Hgd., Ramme";1250851;1250851
"Thyborøn By, Thyborøn";1251151;1251151
"Den nordlige Del, Bøvling";1260152;1260152
"Bækmark Hgd., Flynder";1260351;1260351
"Lemvig Markjorder";2007252;2007252
"Præstegården, Hove";1250651;1250651
