"kloak_kode";"kloak";"aktiv";"begrebsdefinition"
1;"Fælleskloakeret";1;"Spildevand og regnvand er blandet sammen i samme rør/system."
2;"Seperatkloakeret";1;"Spildevand og regnvand bortledes i hvert sit rør/system."
3;"Spildevandskloakeret";1;"Kun spildevand bortledes i rør. Regnvand nedsives."
4;"Ukloakeret";1;"Ej kloakerings system i området."
5;"Anden";1;"Anden"
7;"Separatkloakeret med nedsivning af tagvand";1;"Spildevand og regnvand fra veje bortledes i hvert sit rør/system. Tagvand nedsives."
9;"Ukendt";1;"Hvor der mangler viden om kloakeringstype"
