"sag_status_kode";"sag_status";"aktiv";"begrebsdefinition"
1;"Forespurgt";1;"Forespurgt uden egentlig ansøgning. Typisk mundtligt."
2;"Ansøgt";1;"Ansøgt - typisk indsendt skriftligt, men afvent endnu sagsbehandling."
3;"Under behandling";1;"Sagsbehandling påbegyndt"
4;"Standby";1;"Sagsbehandling sat på standby. Afvente yderligere dokumentation til ansøgning eller ansøger har ønsket sagsbehandling sat i stå."
5;"Godkendt";1;"Ansøgning godkendt uden forbehold."
6;"Betinget godkendt";1;"Ansøgning godkendt med forbehold"
7;"Afvist";1;"Ansøgning afvist"
8;"Annulleret";1;"Ansøgning er trukket tilbage før der er truffet en beslutning"
