"postnr";"postnr_by";"aktiv"
100;"Tórshavn";1
110;"Tórshavn";1
160;"Argir";1
165;"Argir";1
175;"Kirkjubøur";1
176;"Velbastadur";1
177;"Sydradalur, Streymoy";1
178;"Nordradalur";1
180;"Kaldbak";1
185;"Kaldbaksbotnur";1
186;"Sund";1
187;"Hvitanes";1
188;"Hoyvík";1
210;"Sandur";1
215;"Sandur";1
220;"Skálavík";1
230;"Húsavík";1
235;"Dalur";1
236;"Skarvanes";1
240;"Skopun";1
260;"Skúvoy";1
270;"Nólsoy";1
280;"Hestur";1
285;"Koltur";1
286;"Stóra Dimun";1
330;"Stykkid";1
335;"Leynar";1
336;"Skællingur";1
340;"Kvívík";1
350;"Vestmanna";1
355;"Vestmanna";1
358;"Válur";1
360;"Sandavágur";1
370;"Midvágur";1
375;"Midvágur";1
380;"Sørvágur";1
385;"Vatnsoyrar";1
386;"Bøur";1
387;"Gásadalur";1
388;"Mykines";1
400;"Oyrarbakki";1
405;"Oyrarbakki";1
410;"Kollafjørdur";1
415;"Oyrareingir";1
416;"Signabøur";1
420;"Hósvík";1
430;"Hvalvík";1
435;"Streymnes";1
436;"Saksun";1
437;"Nesvík";1
438;"Langasandur";1
440;"Haldarsvík";1
445;"Tjørnuvík";1
450;"Oyri";1
460;"Nordskáli";1
465;"Svináir";1
466;"Ljósá";1
470;"Eidi";1
475;"Funningur";1
476;"Gjógv";1
477;"Funningsfjørdur";1
478;"Elduvík";1
480;"Skáli";1
485;"Skálafjørdur";1
490;"Strendur";1
494;"Innan Glyvur";1
495;"Kolbanargjógv";1
496;"Morskranes";1
497;"Selatrad";1
510;"Gøta";1
511;"Gøtugjógv";1
512;"Nordragøta";1
513;"Sydrugøta";1
515;"Gøta";1
520;"Leirvík";1
530;"Fuglafjørdur";1
535;"Fuglafjørdur";1
555;"Scanning";1
600;"Saltangará";1
610;"Saltangará";1
620;"Runavík";1
625;"Glyvrar";1
626;"Lambareidi";1
627;"Lambi";1
640;"Rituvík";1
645;"Æduvík";1
650;"Toftir";1
655;"Nes, Eysturoy";1
656;"Saltnes";1
660;"Søldarfjørdur";1
665;"Skipanes";1
666;"Gøtueidi";1
690;"Oyndarfjørdur";1
695;"Hellur";1
700;"Klaksvík";1
710;"Klaksvík";1
725;"Nordoyri";1
726;"Ánir";1
727;"Árnafjørdur";1
730;"Norddepil";1
735;"Depil";1
736;"Nordtoftir";1
737;"Múli";1
740;"Hvannasund";1
750;"Vidareidi";1
765;"Svinoy";1
766;"Kirkja";1
767;"Hattarvík";1
780;"Kunoy";1
785;"Haraldssund";1
795;"Sydradalur, Kalsoy";1
796;"Húsar";1
797;"Mikladalur";1
798;"Trøllanes";1
800;"Tvøroyri";1
810;"Tvøroyri";1
825;"Frodba";1
826;"Trongisvágur";1
827;"Øravík";1
850;"Hvalba";1
860;"Sandvík";1
870;"Fámjin";1
877;"Københvn C";1
892;"Sjælland USF P";1
893;"Sjælland USF B";1
897;"eBrevsprækken";1
899;"Kommuneservice";1
900;"Vágur";1
910;"Vágur";1
918;"Pakkeservice";1
925;"Nes, Vágur";1
926;"Lopra";1
927;"Akrar";1
928;"Vikarbyrgi";1
929;"København C";1
950;"Porkeri";1
960;"Hov";1
970;"Sumba";1
999;"København C";1
1000;"København K";1
1001;"København K";1
1002;"København K";1
1003;"København K";1
1004;"København K";1
1005;"København K";1
1006;"København K";1
1007;"København K";1
1008;"København K";1
1009;"København K";1
1010;"København K";1
1011;"København K";1
1012;"København K";1
1013;"København K";1
1014;"København K";1
1015;"København K";1
1016;"København K";1
1017;"København K";1
1018;"København K";1
1019;"København K";1
1020;"København K";1
1021;"København K";1
1022;"København K";1
1023;"København K";1
1024;"København K";1
1025;"København K";1
1026;"København K";1
1045;"København K";1
1050;"København K";1
1051;"København K";1
1052;"København K";1
1053;"København K";1
1054;"København K";1
1055;"København K";1
1056;"København K";1
1057;"København K";1
1058;"København K";1
1059;"København K";1
1060;"København K";1
1061;"København K";1
1062;"København K";1
1063;"København K";1
1064;"København K";1
1065;"København K";1
1066;"København K";1
1067;"København K";1
1068;"København K";1
1069;"København K";1
1070;"København K";1
1071;"København K";1
1072;"København K";1
1073;"København K";1
1074;"København K";1
1092;"København K";1
1093;"København K";1
1095;"København K";1
1098;"København K";1
1100;"København K";1
1101;"København K";1
1102;"København K";1
1103;"København K";1
1104;"København K";1
1105;"København K";1
1106;"København K";1
1107;"København K";1
1110;"København K";1
1111;"København K";1
1112;"København K";1
1113;"København K";1
1114;"København K";1
1115;"København K";1
1116;"København K";1
1117;"København K";1
1118;"København K";1
1119;"København K";1
1120;"København K";1
1121;"København K";1
1122;"København K";1
1123;"København K";1
1124;"København K";1
1125;"København K";1
1126;"København K";1
1127;"København K";1
1128;"København K";1
1129;"København K";1
1130;"København K";1
1131;"København K";1
1140;"København K";1
1147;"København K";1
1148;"København K";1
1150;"København K";1
1151;"København K";1
1152;"København K";1
1153;"København K";1
1154;"København K";1
1155;"København K";1
1156;"København K";1
1157;"København K";1
1158;"København K";1
1159;"København K";1
1160;"København K";1
1161;"København K";1
1162;"København K";1
1163;"København K";1
1164;"København K";1
1165;"København K";1
1166;"København K";1
1167;"København K";1
1168;"København K";1
1169;"København K";1
1170;"København K";1
1171;"København K";1
1172;"København K";1
1173;"København K";1
1174;"København K";1
1175;"København K";1
1200;"København K";1
1201;"København K";1
1202;"København K";1
1203;"København K";1
1204;"København K";1
1205;"København K";1
1206;"København K";1
1207;"København K";1
1208;"København K";1
1209;"København K";1
1210;"København K";1
1211;"København K";1
1212;"København K";1
1213;"København K";1
1214;"København K";1
1215;"København K";1
1216;"København K";1
1217;"København K";1
1218;"København K";1
1219;"København K";1
1220;"København K";1
1221;"København K";1
1240;"København K";1
1250;"København K";1
1251;"København K";1
1252;"København K";1
1253;"København K";1
1254;"København K";1
1255;"København K";1
1256;"København K";1
1257;"København K";1
1258;"København K";1
1259;"København K";1
1260;"København K";1
1261;"København K";1
1263;"København K";1
1264;"København K";1
1265;"København K";1
1266;"København K";1
1267;"København K";1
1268;"København K";1
1270;"København K";1
1271;"København K";1
1291;"København K";1
1300;"København K";1
1301;"København K";1
1302;"København K";1
1303;"København K";1
1304;"København K";1
1306;"København K";1
1307;"København K";1
1308;"København K";1
1309;"København K";1
1310;"København K";1
1311;"København K";1
1312;"København K";1
1313;"København K";1
1314;"København K";1
1315;"København K";1
1316;"København K";1
1317;"København K";1
1318;"København K";1
1319;"København K";1
1320;"København K";1
1321;"København K";1
1322;"København K";1
1323;"København K";1
1324;"København K";1
1325;"København K";1
1326;"København K";1
1327;"København K";1
1328;"København K";1
1329;"København K";1
1349;"København K";1
1350;"København K";1
1352;"København K";1
1353;"København K";1
1354;"København K";1
1355;"København K";1
1356;"København K";1
1357;"København K";1
1358;"København K";1
1359;"København K";1
1360;"København K";1
1361;"København K";1
1362;"København K";1
1363;"København K";1
1364;"København K";1
1365;"København K";1
1366;"København K";1
1367;"København K";1
1368;"København K";1
1369;"København K";1
1370;"København K";1
1371;"København K";1
1400;"København K";1
1401;"København K";1
1402;"København K";1
1403;"København K";1
1404;"København K";1
1406;"København K";1
1407;"København K";1
1408;"København K";1
1409;"København K";1
1410;"København K";1
1411;"København K";1
1412;"København K";1
1413;"København K";1
1414;"København K";1
1415;"København K";1
1416;"København K";1
1417;"København K";1
1418;"København K";1
1419;"København K";1
1420;"København K";1
1421;"København K";1
1422;"København K";1
1423;"København K";1
1424;"København K";1
1425;"København K";1
1426;"København K";1
1427;"København K";1
1428;"København K";1
1429;"København K";1
1430;"København K";1
1431;"København K";1
1432;"København K";1
1433;"København K";1
1434;"København K";1
1435;"København K";1
1436;"København K";1
1437;"København K";1
1438;"København K";1
1439;"København K";1
1440;"København K";1
1441;"København K";1
1448;"København K";1
1450;"København K";1
1451;"København K";1
1452;"København K";1
1453;"København K";1
1454;"København K";1
1455;"København K";1
1456;"København K";1
1457;"København K";1
1458;"København K";1
1459;"København K";1
1460;"København K";1
1461;"København K";1
1462;"København K";1
1463;"København K";1
1464;"København K";1
1465;"København K";1
1466;"København K";1
1467;"København K";1
1468;"København K";1
1470;"København K";1
1471;"København K";1
1472;"København K";1
1473;"København K";1
1500;"København V";1
1501;"København V";1
1502;"København V";1
1503;"København V";1
1504;"København V";1
1505;"København V";1
1506;"København V";1
1507;"København V";1
1508;"København V";1
1509;"København V";1
1510;"København V";1
1532;"København V";1
1533;"København V";1
1550;"København V";1
1551;"København V";1
1552;"København V";1
1553;"København V";1
1554;"København V";1
1555;"København V";1
1556;"København V";1
1557;"København V";1
1558;"København V";1
1559;"København V";1
1560;"København V";1
1561;"København V";1
1562;"København V";1
1563;"København V";1
1564;"København V";1
1566;"København V";1
1567;"København V";1
1568;"København V";1
1569;"København V";1
1570;"København V";1
1571;"København V";1
1572;"København V";1
1573;"København V";1
1574;"København V";1
1575;"København V";1
1576;"København V";1
1577;"København V";1
1592;"København V";1
1599;"København V";1
1600;"København V";1
1601;"København V";1
1602;"København V";1
1603;"København V";1
1604;"København V";1
1605;"København V";1
1606;"København V";1
1607;"København V";1
1608;"København V";1
1609;"København V";1
1610;"København V";1
1611;"København V";1
1612;"København V";1
1613;"København V";1
1614;"København V";1
1615;"København V";1
1616;"København V";1
1617;"København V";1
1618;"København V";1
1619;"København V";1
1620;"København V";1
1621;"København V";1
1622;"København V";1
1623;"København V";1
1624;"København V";1
1630;"København V";1
1631;"København V";1
1632;"København V";1
1633;"København V";1
1634;"København V";1
1635;"København V";1
1640;"København V";1
1650;"København V";1
1651;"København V";1
1652;"København V";1
1653;"København V";1
1654;"København V";1
1655;"København V";1
1656;"København V";1
1657;"København V";1
1658;"København V";1
1659;"København V";1
1660;"København V";1
1661;"København V";1
1662;"København V";1
1663;"København V";1
1664;"København V";1
1665;"København V";1
1666;"København V";1
1667;"København V";1
1668;"København V";1
1669;"København V";1
1670;"København V";1
1671;"København V";1
1672;"København V";1
1673;"København V";1
1674;"København V";1
1675;"København V";1
1676;"København V";1
1677;"København V";1
1699;"København V";1
1700;"København V";1
1701;"København V";1
1702;"København V";1
1703;"København V";1
1704;"København V";1
1705;"København V";1
1706;"København V";1
1707;"København V";1
1708;"København V";1
1709;"København V";1
1710;"København V";1
1711;"København V";1
1712;"København V";1
1713;"København V";1
1714;"København V";1
1715;"København V";1
1716;"København V";1
1717;"København V";1
1718;"København V";1
1719;"København V";1
1720;"København V";1
1721;"København V";1
1722;"København V";1
1723;"København V";1
1724;"København V";1
1725;"København V";1
1726;"København V";1
1727;"København V";1
1728;"København V";1
1729;"København V";1
1730;"København V";1
1731;"København V";1
1732;"København V";1
1733;"København V";1
1734;"København V";1
1735;"København V";1
1736;"København V";1
1737;"København V";1
1738;"København V";1
1739;"København V";1
1748;"København V";1
1749;"København V";1
1750;"København V";1
1751;"København V";1
1752;"København V";1
1753;"København V";1
1754;"København V";1
1755;"København V";1
1756;"København V";1
1757;"København V";1
1758;"København V";1
1759;"København V";1
1760;"København V";1
1761;"København V";1
1762;"København V";1
1763;"København V";1
1764;"København V";1
1765;"København V";1
1766;"København V";1
1770;"København V";1
1771;"København V";1
1772;"København V";1
1773;"København V";1
1774;"København V";1
1775;"København V";1
1777;"København V";1
1778;"København V";1
1780;"København V";1
1782;"København V";1
1784;"København V";1
1785;"København V";1
1786;"København V";1
1787;"København V";1
1789;"København V";1
1790;"København V";1
1795;"København V";1
1799;"København V";1
1800;"Frederiksberg C";1
1801;"Frederiksberg C";1
1802;"Frederiksberg C";1
1803;"Frederiksberg C";1
1804;"Frederiksberg C";1
1805;"Frederiksberg C";1
1806;"Frederiksberg C";1
1807;"Frederiksberg C";1
1808;"Frederiksberg C";1
1809;"Frederiksberg C";1
1810;"Frederiksberg C";1
1811;"Frederiksberg C";1
1812;"Frederiksberg C";1
1813;"Frederiksberg C";1
1814;"Frederiksberg C";1
1815;"Frederiksberg C";1
1816;"Frederiksberg C";1
1817;"Frederiksberg C";1
1818;"Frederiksberg C";1
1819;"Frederiksberg C";1
1820;"Frederiksberg C";1
1822;"Frederiksberg C";1
1823;"Frederiksberg C";1
1824;"Frederiksberg C";1
1825;"Frederiksberg C";1
1826;"Frederiksberg C";1
1827;"Frederiksberg C";1
1828;"Frederiksberg C";1
1829;"Frederiksberg C";1
1835;"Frederiksberg C";1
1850;"Frederiksberg C";1
1851;"Frederiksberg C";1
1852;"Frederiksberg C";1
1853;"Frederiksberg C";1
1854;"Frederiksberg C";1
1855;"Frederiksberg C";1
1856;"Frederiksberg C";1
1857;"Frederiksberg C";1
1860;"Frederiksberg C";1
1861;"Frederiksberg C";1
1862;"Frederiksberg C";1
1863;"Frederiksberg C";1
1864;"Frederiksberg C";1
1865;"Frederiksberg C";1
1866;"Frederiksberg C";1
1867;"Frederiksberg C";1
1868;"Frederiksberg C";1
1870;"Frederiksberg C";1
1871;"Frederiksberg C";1
1872;"Frederiksberg C";1
1873;"Frederiksberg C";1
1874;"Frederiksberg C";1
1875;"Frederiksberg C";1
1876;"Frederiksberg C";1
1877;"Frederiksberg C";1
1878;"Frederiksberg C";1
1879;"Frederiksberg C";1
1900;"Frederiksberg C";1
1901;"Frederiksberg C";1
1902;"Frederiksberg C";1
1903;"Frederiksberg C";1
1904;"Frederiksberg C";1
1905;"Frederiksberg C";1
1906;"Frederiksberg C";1
1908;"Frederiksberg C";1
1909;"Frederiksberg C";1
1910;"Frederiksberg C";1
1911;"Frederiksberg C";1
1912;"Frederiksberg C";1
1913;"Frederiksberg C";1
1914;"Frederiksberg C";1
1915;"Frederiksberg C";1
1916;"Frederiksberg C";1
1917;"Frederiksberg C";1
1920;"Frederiksberg C";1
1921;"Frederiksberg C";1
1922;"Frederiksberg C";1
1923;"Frederiksberg C";1
1924;"Frederiksberg C";1
1925;"Frederiksberg C";1
1926;"Frederiksberg C";1
1927;"Frederiksberg C";1
1928;"Frederiksberg C";1
1931;"Frederiksberg C";1
1950;"Frederiksberg C";1
1951;"Frederiksberg C";1
1952;"Frederiksberg C";1
1953;"Frederiksberg C";1
1954;"Frederiksberg C";1
1955;"Frederiksberg C";1
1956;"Frederiksberg C";1
1957;"Frederiksberg C";1
1958;"Frederiksberg C";1
1959;"Frederiksberg C";1
1960;"Frederiksberg C";1
1961;"Frederiksberg C";1
1962;"Frederiksberg C";1
1963;"Frederiksberg C";1
1964;"Frederiksberg C";1
1965;"Frederiksberg C";1
1966;"Frederiksberg C";1
1967;"Frederiksberg C";1
1970;"Frederiksberg C";1
1971;"Frederiksberg C";1
1972;"Frederiksberg C";1
1973;"Frederiksberg C";1
1974;"Frederiksberg C";1
2000;"Frederiksberg";1
2100;"København Ø";1
2200;"København N";1
2300;"København S";1
2400;"København NV";1
2412;"Santa Claus/Julemanden";1
2450;"København SV";1
2500;"Valby";1
2600;"Glostrup";1
2605;"Brøndby";1
2610;"Rødovre";1
2620;"Albertslund";1
2625;"Vallensbæk";1
2630;"Taastrup";1
2635;"Ishøj";1
2640;"Hedehusene";1
2650;"Hvidovre";1
2660;"Brøndby Strand";1
2665;"Vallensbæk Strand";1
2670;"Greve";1
2680;"Solrød Strand";1
2690;"Karlslunde";1
2700;"Brønshøj";1
2720;"Vanløse";1
2730;"Herlev";1
2740;"Skovlunde";1
2750;"Ballerup";1
2760;"Måløv";1
2765;"Smørum";1
2770;"Kastrup";1
2791;"Dragør";1
2800;"Kongens Lyngby";1
2820;"Gentofte";1
2830;"Virum";1
2840;"Holte";1
2850;"Nærum";1
2860;"Søborg";1
2870;"Dyssegård";1
2880;"Bagsværd";1
2900;"Hellerup";1
2920;"Charlottenlund";1
2930;"Klampenborg";1
2942;"Skodsborg";1
2950;"Vedbæk";1
2960;"Rungsted Kyst";1
2970;"Hørsholm";1
2980;"Kokkedal";1
2990;"Nivå";1
3000;"Helsingør";1
3050;"Humlebæk";1
3060;"Espergærde";1
3070;"Snekkersten";1
3080;"Tikøb";1
3100;"Hornbæk";1
3120;"Dronningmølle";1
3140;"Ålsgårde";1
3150;"Hellebæk";1
3200;"Helsinge";1
3210;"Vejby";1
3220;"Tisvildeleje";1
3230;"Græsted";1
3250;"Gilleleje";1
3300;"Frederiksværk";1
3310;"Ølsted";1
3320;"Skævinge";1
3330;"Gørløse";1
3360;"Liseleje";1
3370;"Melby";1
3390;"Hundested";1
3400;"Hillerød";1
3450;"Allerød";1
3460;"Birkerød";1
3480;"Fredensborg";1
3490;"Kvistgård";1
3500;"Værløse";1
3520;"Farum";1
3540;"Lynge";1
3550;"Slangerup";1
3600;"Frederikssund";1
3630;"Jægerspris";1
3650;"Ølstykke";1
3660;"Stenløse";1
3670;"Veksø Sjælland";1
3700;"Rønne";1
3720;"Aakirkeby";1
3730;"Nexø";1
3740;"Svaneke";1
3751;"Østermarie";1
3760;"Gudhjem";1
3770;"Allinge";1
3782;"Klemensker";1
3790;"Hasle";1
3900;"Nuuk";1
3905;"Nuussuaq";1
3910;"Kangerlussuaq";1
3911;"Sisimiut";1
3912;"Maniitsoq";1
3913;"Tasiilaq";1
3915;"Kulusuk";1
3919;"Alluitsup Paa";1
3920;"Qaqortoq";1
3921;"Narsaq";1
3922;"Nanortalik";1
3923;"Narsarsuaq";1
3924;"Ikerasassuaq";1
3930;"Kangilinnguit";1
3932;"Arsuk";1
3940;"Paamiut";1
3950;"Aasiaat";1
3951;"Qasigiannguit";1
3952;"Ilulissat";1
3953;"Qeqertarsuaq";1
3955;"Kangaatsiaq";1
3961;"Uummannaq";1
3962;"Upernavik";1
3964;"Qaarsut";1
3970;"Pituffik";1
3971;"Qaanaaq";1
3972;"Station Nord";1
3980;"Ittoqqortoormiit";1
3982;"Mestersvig";1
3984;"Danmarkshavn";1
3985;"Constable Pynt";1
3992;"Slædepatruljen Sirius";1
4000;"Roskilde";1
4030;"Tune";1
4040;"Jyllinge";1
4050;"Skibby";1
4060;"Kirke Såby";1
4070;"Kirke Hyllinge";1
4100;"Ringsted";1
4105;"Ringsted";1
4129;"Ringsted";1
4130;"Viby Sjælland";1
4140;"Borup";1
4160;"Herlufmagle";1
4171;"Glumsø";1
4173;"Fjenneslev";1
4174;"Jystrup Midtsj";1
4180;"Sorø";1
4190;"Munke Bjergby";1
4200;"Slagelse";1
4220;"Korsør";1
4230;"Skælskør";1
4241;"Vemmelev";1
4242;"Boeslunde";1
4243;"Rude";1
4250;"Fuglebjerg";1
4261;"Dalmose";1
4262;"Sandved";1
4270;"Høng";1
4281;"Gørlev";1
4291;"Ruds Vedby";1
4293;"Dianalund";1
4295;"Stenlille";1
4296;"Nyrup";1
4300;"Holbæk";1
4320;"Lejre";1
4330;"Hvalsø";1
4340;"Tølløse";1
4350;"Ugerløse";1
4360;"Kirke Eskilstrup";1
4370;"Store Merløse";1
4390;"Vipperød";1
4400;"Kalundborg";1
4420;"Regstrup";1
4440;"Mørkøv";1
4450;"Jyderup";1
4460;"Snertinge";1
4470;"Svebølle";1
4480;"Store Fuglede";1
4490;"Jerslev Sjælland";1
4500;"Nykøbing Sj";1
4520;"Svinninge";1
4532;"Gislinge";1
4534;"Hørve";1
4540;"Fårevejle";1
4550;"Asnæs";1
4560;"Vig";1
4571;"Grevinge";1
4572;"Nørre Asmindrup";1
4573;"Højby";1
4581;"Rørvig";1
4583;"Sjællands Odde";1
4591;"Føllenslev";1
4592;"Sejerø";1
4593;"Eskebjerg";1
4600;"Køge";1
4621;"Gadstrup";1
4622;"Havdrup";1
4623;"Lille Skensved";1
4632;"Bjæverskov";1
4640;"Faxe";1
4652;"Hårlev";1
4653;"Karise";1
4654;"Faxe Ladeplads";1
4660;"Store Heddinge";1
4671;"Strøby";1
4672;"Klippinge";1
4673;"Rødvig Stevns";1
4681;"Herfølge";1
4682;"Tureby";1
4683;"Rønnede";1
4684;"Holmegaard";1
4690;"Haslev";1
4700;"Næstved";1
4720;"Præstø";1
4733;"Tappernøje";1
4735;"Mern";1
4736;"Karrebæksminde";1
4750;"Lundby";1
4760;"Vordingborg";1
4771;"Kalvehave";1
4772;"Langebæk";1
4773;"Stensved";1
4780;"Stege";1
4791;"Borre";1
4792;"Askeby";1
4793;"Bogø By";1
4800;"Nykøbing F";1
4840;"Nørre Alslev";1
4850;"Stubbekøbing";1
4862;"Guldborg";1
4863;"Eskilstrup";1
4871;"Horbelev";1
4872;"Idestrup";1
4873;"Væggerløse";1
4874;"Gedser";1
4880;"Nysted";1
4891;"Toreby L";1
4892;"Kettinge";1
4894;"Øster Ulslev";1
4895;"Errindlev";1
4900;"Nakskov";1
4912;"Harpelunde";1
4913;"Horslunde";1
4920;"Søllested";1
4930;"Maribo";1
4941;"Bandholm";1
4943;"Torrig L";1
4944;"Fejø";1
4951;"Nørreballe";1
4952;"Stokkemarke";1
4953;"Vesterborg";1
4960;"Holeby";1
4970;"Rødby";1
4983;"Dannemare";1
4990;"Sakskøbing";1
4992;"Midtsjælland USF P";1
5000;"Odense C";1
5029;"Odense C";1
5100;"Odense C";1
5200;"Odense V";1
5210;"Odense NV";1
5220;"Odense SØ";1
5230;"Odense M";1
5240;"Odense NØ";1
5250;"Odense SV";1
5260;"Odense S";1
5270;"Odense N";1
5290;"Marslev";1
5300;"Kerteminde";1
5320;"Agedrup";1
5330;"Munkebo";1
5350;"Rynkeby";1
5370;"Mesinge";1
5380;"Dalby";1
5390;"Martofte";1
5400;"Bogense";1
5450;"Otterup";1
5462;"Morud";1
5463;"Harndrup";1
5464;"Brenderup Fyn";1
5466;"Asperup";1
5471;"Søndersø";1
5474;"Veflinge";1
5485;"Skamby";1
5491;"Blommenslyst";1
5492;"Vissenbjerg";1
5500;"Middelfart";1
5540;"Ullerslev";1
5550;"Langeskov";1
5560;"Aarup";1
5580;"Nørre Aaby";1
5591;"Gelsted";1
5592;"Ejby";1
5600;"Faaborg";1
5610;"Assens";1
5620;"Glamsbjerg";1
5631;"Ebberup";1
5642;"Millinge";1
5672;"Broby";1
5683;"Haarby";1
5690;"Tommerup";1
5700;"Svendborg";1
5750;"Ringe";1
5762;"Vester Skerninge";1
5771;"Stenstrup";1
5772;"Kværndrup";1
5792;"Årslev";1
5800;"Nyborg";1
5853;"Ørbæk";1
5854;"Gislev";1
5856;"Ryslinge";1
5863;"Ferritslev Fyn";1
5871;"Frørup";1
5874;"Hesselager";1
5881;"Skårup Fyn";1
5882;"Vejstrup";1
5883;"Oure";1
5884;"Gudme";1
5892;"Gudbjerg Sydfyn";1
5900;"Rudkøbing";1
5932;"Humble";1
5935;"Bagenkop";1
5953;"Tranekær";1
5960;"Marstal";1
5970;"Ærøskøbing";1
5985;"Søby Ærø";1
6000;"Kolding";1
6040;"Egtved";1
6051;"Almind";1
6052;"Viuf";1
6064;"Jordrup";1
6070;"Christiansfeld";1
6091;"Bjert";1
6092;"Sønder Stenderup";1
6093;"Sjølund";1
6094;"Hejls";1
6100;"Haderslev";1
6200;"Aabenraa";1
6230;"Rødekro";1
6240;"Løgumkloster";1
6261;"Bredebro";1
6270;"Tønder";1
6280;"Højer";1
6300;"Gråsten";1
6310;"Broager";1
6320;"Egernsund";1
6330;"Padborg";1
6340;"Kruså";1
6360;"Tinglev";1
6372;"Bylderup-Bov";1
6392;"Bolderslev";1
6400;"Sønderborg";1
6430;"Nordborg";1
6440;"Augustenborg";1
6470;"Sydals";1
6500;"Vojens";1
6510;"Gram";1
6520;"Toftlund";1
6534;"Agerskov";1
6535;"Branderup J";1
6541;"Bevtoft";1
6560;"Sommersted";1
6580;"Vamdrup";1
6600;"Vejen";1
6621;"Gesten";1
6622;"Bække";1
6623;"Vorbasse";1
6630;"Rødding";1
6640;"Lunderskov";1
6650;"Brørup";1
6660;"Lintrup";1
6670;"Holsted";1
6682;"Hovborg";1
6683;"Føvling";1
6690;"Gørding";1
6700;"Esbjerg";1
6701;"Esbjerg";1
6705;"Esbjerg Ø";1
6710;"Esbjerg V";1
6715;"Esbjerg N";1
6720;"Fanø";1
6731;"Tjæreborg";1
6740;"Bramming";1
6752;"Glejbjerg";1
6753;"Agerbæk";1
6760;"Ribe";1
6771;"Gredstedbro";1
6780;"Skærbæk";1
6792;"Rømø";1
6800;"Varde";1
6818;"Årre";1
6823;"Ansager";1
6830;"Nørre Nebel";1
6840;"Oksbøl";1
6851;"Janderup Vestj";1
6852;"Billum";1
6853;"Vejers Strand";1
6854;"Henne";1
6855;"Outrup";1
6857;"Blåvand";1
6862;"Tistrup";1
6870;"Ølgod";1
6880;"Tarm";1
6893;"Hemmet";1
6900;"Skjern";1
6920;"Videbæk";1
6933;"Kibæk";1
6940;"Lem St";1
6950;"Ringkøbing";1
6960;"Hvide Sande";1
6971;"Spjald";1
6973;"Ørnhøj";1
6980;"Tim";1
6990;"Ulfborg";1
7000;"Fredericia";1
7007;"Fredericia";1
7029;"Fredericia";1
7080;"Børkop";1
7100;"Vejle";1
7120;"Vejle Øst";1
7130;"Juelsminde";1
7140;"Stouby";1
7150;"Barrit";1
7160;"Tørring";1
7171;"Uldum";1
7173;"Vonge";1
7182;"Bredsten";1
7183;"Randbøl";1
7184;"Vandel";1
7190;"Billund";1
7200;"Grindsted";1
7250;"Hejnsvig";1
7260;"Sønder Omme";1
7270;"Stakroge";1
7280;"Sønder Felding";1
7300;"Jelling";1
7321;"Gadbjerg";1
7323;"Give";1
7330;"Brande";1
7361;"Ejstrupholm";1
7362;"Hampen";1
7400;"Herning";1
7429;"Herning";1
7430;"Ikast";1
7441;"Bording";1
7442;"Engesvang";1
7451;"Sunds";1
7470;"Karup J";1
7480;"Vildbjerg";1
7490;"Aulum";1
7500;"Holstebro";1
7540;"Haderup";1
7550;"Sørvad";1
7560;"Hjerm";1
7570;"Vemb";1
7600;"Struer";1
7620;"Lemvig";1
7650;"Bøvlingbjerg";1
7660;"Bækmarksbro";1
7673;"Harboøre";1
7680;"Thyborøn";1
7700;"Thisted";1
7730;"Hanstholm";1
7741;"Frøstrup";1
7742;"Vesløs";1
7752;"Snedsted";1
7755;"Bedsted Thy";1
7760;"Hurup Thy";1
7770;"Vestervig";1
7790;"Thyholm";1
7800;"Skive";1
7830;"Vinderup";1
7840;"Højslev";1
7850;"Stoholm Jyll";1
7860;"Spøttrup";1
7870;"Roslev";1
7884;"Fur";1
7900;"Nykøbing M";1
7950;"Erslev";1
7960;"Karby";1
7970;"Redsted M";1
7980;"Vils";1
7990;"Øster Assels";1
7999;"Kommunepost";1
8000;"Århus C";1
8100;"Århus C";1
8200;"Århus N";1
8210;"Århus V";1
8220;"Brabrand";1
8229;"Risskov Ø";1
8230;"Åbyhøj";1
8240;"Risskov";1
8245;"Risskov Ø";1
8250;"Egå";1
8260;"Viby J";1
8270;"Højbjerg";1
8300;"Odder";1
8305;"Samsø";1
8310;"Tranbjerg J";1
8320;"Mårslet";1
8330;"Beder";1
8340;"Malling";1
8350;"Hundslund";1
8355;"Solbjerg";1
8361;"Hasselager";1
8362;"Hørning";1
8370;"Hadsten";1
8380;"Trige";1
8381;"Tilst";1
8382;"Hinnerup";1
8400;"Ebeltoft";1
8410;"Rønde";1
8420;"Knebel";1
8444;"Balle";1
8450;"Hammel";1
8462;"Harlev J";1
8464;"Galten";1
8471;"Sabro";1
8472;"Sporup";1
8500;"Grenaa";1
8520;"Lystrup";1
8530;"Hjortshøj";1
8541;"Skødstrup";1
8543;"Hornslet";1
8544;"Mørke";1
8550;"Ryomgård";1
8560;"Kolind";1
8570;"Trustrup";1
8581;"Nimtofte";1
8585;"Glesborg";1
8586;"Ørum Djurs";1
8592;"Anholt";1
8600;"Silkeborg";1
8620;"Kjellerup";1
8632;"Lemming";1
8641;"Sorring";1
8643;"Ans By";1
8653;"Them";1
8654;"Bryrup";1
8660;"Skanderborg";1
8670;"Låsby";1
8680;"Ry";1
8700;"Horsens";1
8721;"Daugård";1
8722;"Hedensted";1
8723;"Løsning";1
8732;"Hovedgård";1
8740;"Brædstrup";1
8751;"Gedved";1
8752;"Østbirk";1
8762;"Flemming";1
8763;"Rask Mølle";1
8765;"Klovborg";1
8766;"Nørre Snede";1
8781;"Stenderup";1
8783;"Hornsyld";1
8800;"Viborg";1
8830;"Tjele";1
8831;"Løgstrup";1
8832;"Skals";1
8840;"Rødkærsbro";1
8850;"Bjerringbro";1
8860;"Ulstrup";1
8870;"Langå";1
8881;"Thorsø";1
8882;"Fårvang";1
8883;"Gjern";1
8900;"Randers C";1
8920;"Randers NV";1
8930;"Randers NØ";1
8940;"Randers SV";1
8950;"Ørsted";1
8960;"Randers SØ";1
8961;"Allingåbro";1
8963;"Auning";1
8970;"Havndal";1
8981;"Spentrup";1
8983;"Gjerlev J";1
8990;"Fårup";1
9000;"Aalborg";1
9029;"Aalborg";1
9100;"Aalborg";1
9200;"Aalborg SV";1
9210;"Aalborg SØ";1
9220;"Aalborg Øst";1
9230;"Svenstrup J";1
9240;"Nibe";1
9260;"Gistrup";1
9270;"Klarup";1
9280;"Storvorde";1
9293;"Kongerslev";1
9300;"Sæby";1
9310;"Vodskov";1
9320;"Hjallerup";1
9330;"Dronninglund";1
9340;"Asaa";1
9352;"Dybvad";1
9362;"Gandrup";1
9370;"Hals";1
9380;"Vestbjerg";1
9381;"Sulsted";1
9382;"Tylstrup";1
9400;"Nørresundby";1
9430;"Vadum";1
9440;"Aabybro";1
9460;"Brovst";1
9480;"Løkken";1
9490;"Pandrup";1
9492;"Blokhus";1
9493;"Saltum";1
9500;"Hobro";1
9510;"Arden";1
9520;"Skørping";1
9530;"Støvring";1
9541;"Suldrup";1
9550;"Mariager";1
9560;"Hadsund";1
9574;"Bælum";1
9575;"Terndrup";1
9600;"Aars";1
9610;"Nørager";1
9620;"Aalestrup";1
9631;"Gedsted";1
9632;"Møldrup";1
9640;"Farsø";1
9670;"Løgstør";1
9681;"Ranum";1
9690;"Fjerritslev";1
9700;"Brønderslev";1
9740;"Jerslev J";1
9750;"Østervrå";1
9760;"Vrå";1
9800;"Hjørring";1
9830;"Tårs";1
9850;"Hirtshals";1
9870;"Sindal";1
9881;"Bindslev";1
9900;"Frederikshavn";1
9940;"Læsø";1
9970;"Strandby";1
9981;"Jerup";1
9982;"Ålbæk";1
9990;"Skagen";1
9992;"Jylland USF P";1
9993;"Jylland USF B";1
9997;"Fakturascanning";1
9998;"Borgerservice";1
