"kode";"tekst"
5000;"Vandløb"
5001;"Målestation"
5002;"Faunaspæring"
5003;"Drænledning"
5004;"Drænområde"
5005;"Sø"
5006;"Dybdekurver"
5007;"Vandløbsoplande"
5008;"Søoplande"
5009;"Pumpelaug"
5010;"Vandløbselement"
5104;"Arter Invasive"
5105;"Rigkær - Fattigkær"
5106;"Naturpleje"
5107;"Arter_Invasive_Punkt"
5108;"Grønt partnerskab"
5200;"Affaldprod_udbringning"
5300;"Genopdyrkningsret"
5400;"Affaldsdistrikt"
5401;"Gengrugsstation"
5402;"Genbrugscontainer"
5500;"Elforsyningsområde"
5506;"Spildevandsplanpunkter"
5507;"Fiberkabel"
5508;"Husstandsmøller"
5600;"Vintervedligeholdelse"
5601;"Hastighedsdæmpning"
5602;"P-zoner"
5603;"Hastighedszone"
5604;"Kørselsregulering"
5605;"Vejbyggelinie"
5606;"Vejinventar"
5700;"Grundejerforeninger/ Vejlaug"
5701;"Lokalrådsområde"
5702;"Skorstensfejerdistrikt"
5703;"Afstemningssted"
5704;"Afstemningsområde"
5705;"Forpagtningsareal"
5706;"Havneareal"
5707;"Grundsalg"
5708;"Kommunal_service"
5709;"Distrikter"
5800;"Facilitet_punkt"
5802;"Facilitet_linje"
5900;"Jordflytning"
5901;"Råstofindvindingstilladelse"
5902;"Jordvarmeanlæg"
6000;"Potentialekort"
6001;"Potentialekortmålepunkter"
6002;"Indvindingsopland"
6003;"Beskyttelseszone"
6004;"Vandværksforsyningsomr"
6006;"Grundvandsdannende Opl…"
6007;"Indsatsområde"
6008;"Maksimal Boredybde"
6009;"Indvinding af overfladevand"
6100;"Brandhane"
6101;"Beskyttelsesrum"
6102;"Redningsvej"
6103;"Beredskabsområde…"
6104;"Risiko virksomhed"
6105;"Særlig bygningsområde"
6106;"Særlig_bygning"
6107;"Forholdsordre"
6108;"Mødeplan"
6109;"Sirene, alarm"
6110;"Nøgleboks til beredskab"
6111;"Fyrværkeri tilladelse"
6112;"Midlertidige depot ved…"
6113;"Beskyttet natur ved…"
6114;"Midlertidig ophold"
6115;"Afbrændingsområder"
6116;"Olieberedskabsplan"
6117;"Indsatspunkt"
6200;"Naturgeografi"
6201;"Kulturgeografi"
6202;"Landskabkarakterområder"
6203;"Landskabskaraktervurdering"
6800;"Park og grønne områder flade"
6801;"Park og grønne områder linje"
6802;"Park og grønne områder punkt"
6803;"Park og grønne områders distrikt"
5714;"Lærings- og uddannelsesinstitution"
