<?xml version="1.0" encoding="UTF-8"?>
<metadata xml:lang="da"><Esri><CreaDate>20241014</CreaDate><CreaTime>12472100</CreaTime><ArcGISFormat>1.0</ArcGISFormat><SyncOnce>TRUE</SyncOnce><DataProperties><lineage><Process ToolSource="c:\program files\arcgis\pro\Resources\ArcToolbox\toolboxes\Data Management Tools.tbx\DomainToTable" Date="20241014" Time="124721">DomainToTable "\\s10srv197\Z01\Arcgis Administration\_DatabaseConnections\DMZ 10.1.41.170\Produktion_Schemas\Produktion_GeoFA.sde" GeoFA_d_vejnavn "E:\PythonScripts\Udvikling\GeoFA\version 2.4\tabeller\fra_sql\d_vejnavn.csv" vejkode vejnavn #</Process></lineage></DataProperties></Esri></metadata>
