﻿OID;vejkode;vejnavn
-1;286;Abildgårdsvej
-1;40;Agergårdvej
-1;50;Agerskovvej
-1;55;Agervej
-1;62;Alahärmävej
-1;65;Algade
-1;1;Alkajavej
-1;2;Amazonevej
-1;69;Anders Thuborgs Vej
-1;75;Andrupsgade
-1;77;Anemonevej (7620 Lemvig)
-1;3;Anemonevej (7673 Harboøre)
-1;80;Anglandsmosevej (7600 Struer, 7620 Lemvig)
-1;4;Anholtvej
-1;82;Annasvej
-1;293;Anneksvej
-1;6;Arcticvej
-1;85;Armosevej
-1;87;Astersvej
-1;95;Bakkedraget
-1;99;Bakkevej
-1;102;Baldersvej
-1;105;Ballebyvej
-1;107;Ballegårdvej
-1;106;Ballegårdvænget
-1;108;Ballesigvej (7570 Vemb, 7660 Bækmarksbro)
-1;110;Banegårdssti
-1;115;Banegårdsvej
-1;7;Barendsvej
-1;120;Basbjergvej
-1;125;Basselbjergvej
-1;130;Bavnehøjvej
-1;8;Beddingsvej
-1;133;Bellisvej
-1;135;Bentsvej
-1;9;Bethaniavej
-1;140;Betonbanerne
-1;143;Birkedalen
-1;144;Birkegården
-1;145;Birkevej
-1;150;Birnsvej
-1;277;Bjergehusvej
-1;155;Bjergvej
-1;11;Bjerrumsvej
-1;160;Bjerrumvej
-1;170;Bloksgårdvej
-1;165;Blåbjergvej
-1;175;Blæsbjergvej
-1;183;Bonnesigvej
-1;289;Bonnet Mosevej
-1;185;Bonnetvej
-1;188;Borgdalvej
-1;14;Borgervænget
-1;190;Borgvej
-1;195;Borumvej
-1;200;Bossenhøjvej
-1;16;Bragdøvej
-1;205;Bredgade (7620 Lemvig)
-1;17;Bredgade (7680 Thyborøn)
-1;220;Brogade
-1;215;Brogårdvej
-1;222;Broholmvej
-1;225;Brovej
-1;18;Brunsgårdsvej
-1;230;Brunsgårdvej
-1;235;Brydebolvej
-1;245;Brændgårdvej
-1;247;Brøndsmindevej
-1;249;Brørupvænget
-1;250;Buldremosevej
-1;260;Bygvænget
-1;263;Bynkevej
-1;265;Byskovvej (7620 Lemvig)
-1;19;Byskovvej (7673 Harboøre)
-1;21;Byvænget
-1;270;Bækbyvej
-1;271;Bækkelundvej
-1;272;Bækmarksbrovej (7650 Bøvlingbjerg, 7660 Bækmarksbro)
-1;275;Bækmarkvej
-1;278;Bøgegården
-1;280;Bøgelundvej
-1;282;Bøgevej
-1;285;Børringvej
-1;290;Bøvling Fjordvej
-1;295;Bøvlingvej (7650 Bøvlingbjerg, 7620 Lemvig)
-1;23;Carl Moes Vej
-1;299;Centralgården
-1;24;Charlottevej
-1;297;Christinelysthaven
-1;301;Christinelystvej
-1;26;Crownvej
-1;287;Dalagervej
-1;27;Dalevej
-1;310;Dalgårdvej
-1;312;Dalvej
-1;315;Damgårdvej
-1;320;Damhusvej (7570 Vemb, 7660 Bækmarksbro)
-1;28;Dammen
-1;330;Danmarksgade
-1;307;De Røde Huse
-1;335;Degneparken
-1;29;Digevej
-1;31;Doblervej
-1;339;Dokken
-1;341;Dokvej
-1;345;Donskærvej (7570 Vemb, 7660 Bækmarksbro)
-1;32;Drejøvej
-1;347;Drosselvej (7650 Bøvlingbjerg)
-1;33;Drosselvej (7680 Thyborøn)
-1;350;Dubgårdvej
-1;355;Dusgårdvej
-1;360;Dybebjergvej
-1;365;Døjbækvej
-1;370;Døjvej
-1;375;Ellemosevej
-1;376;Elleparken
-1;377;Elmegården
-1;34;Emblavej
-1;380;Emilielystvej
-1;385;Engbjergvej
-1;390;Engdalvej
-1;394;Engelundvej
-1;397;Engen
-1;298;Engesvang
-1;402;Enghavevej
-1;405;Engmarkvej
-1;410;Engvej (7660 Bækmarksbro)
-1;38;Engvej (7673 Harboøre)
-1;420;Fabjergkirkevej
-1;425;Fabjergstad
-1;430;Fabjergvej (7620 Lemvig, 7600 Struer)
-1;435;Fabriksvej
-1;440;Falkevej
-1;39;Fanøvej
-1;445;Fasanvej (7650 Bøvlingbjerg)
-1;41;Fasanvej (7680 Thyborøn)
-1;450;Femvej
-1;455;Fiskbækvej
-1;460;Fjaltringbyvej
-1;463;Fjordbakken
-1;42;Fjordgade
-1;465;Fjordlystvej
-1;470;Fjordsidevej
-1;480;Fjordvænget
-1;485;Fladhedevej (7620 Lemvig, 7650 Bøvlingbjerg)
-1;495;Flyndermøllevej
-1;43;Flyvholmvej
-1;44;Fourmivej
-1;497;Fousingvej (7600 Struer, 7620 Lemvig)
-1;500;Frederiksberg
-1;505;Frederiksgade
-1;508;Frederikshøj
-1;509;Frejasvej
-1;510;Fuglebakken
-1;515;Fuglsangsvej
-1;45;Furvej
-1;520;Fyrvej
-1;415;Fårevej (7650 Bøvlingbjerg, 7660 Bækmarksbro, 7620 Lemvig)
-1;46;Fælledvej
-1;306;Fængselsgården
-1;343;Færgen
-1;525;Færgevej
-1;47;Gajsgårdsvej
-1;558;Gammel Damsgårdvej
-1;560;Gammel Landevej (7620 Lemvig, 7600 Struer)
-1;565;Gammel Møllevej
-1;575;Gammel Rishøjvej
-1;540;Gammelgårdvej
-1;542;Gantriisvej
-1;543;Gefionsvej
-1;545;Gjelleroddevej
-1;317;Gl Landevej
-1;548;Glarbjergbækvej (7650 Bøvlingbjerg, 7620 Lemvig)
-1;550;Glarbjergvej (7620 Lemvig, 7650 Bøvlingbjerg)
-1;555;Glentevej (7620 Lemvig)
-1;49;Glentevej (7680 Thyborøn)
-1;51;Gloryvej
-1;580;Godballevej
-1;585;Godsbanevej
-1;590;Godthåbsvej (7620 Lemvig)
-1;52;Godthåbsvej (7680 Thyborøn)
-1;592;Gran Alle
-1;595;Gransgårdvej
-1;53;Gregers Kirks Vej
-1;598;Grenholmvej (7660 Bækmarksbro, 7570 Vemb)
-1;600;Grummesgårdparken
-1;605;Grønkærvej
-1;610;Grønmosevej
-1;615;Grønnegade
-1;620;Grønnevej (7620 Lemvig)
-1;54;Grønnevej (7673 Harboøre)
-1;625;Grønningen
-1;630;Grønsmøllevej (7660 Bækmarksbro, 7570 Vemb)
-1;635;Gudumbro
-1;640;Gudumlundvej
-1;645;Gudumvej
-1;655;Gyden
-1;56;Gydevej
-1;311;Gyldenrisvej
-1;656;Gyvelvej
-1;530;Gåsborgvej
-1;57;Gåseholmkaj
-1;535;Gåskærvej
-1;755;H. J. Hansens Vej
-1;660;Haldvej
-1;665;Halkjærvej
-1;670;Hans Brygges Vej
-1;672;Hans Lilholts Vej
-1;675;Harboørevej (7620 Lemvig)
-1;59;Harboørevej (7680 Thyborøn)
-1;677;Haretoften
-1;685;Harpøtvej
-1;687;Hasselgården
-1;61;Havbovej
-1;690;Havnegade (7620 Lemvig)
-1;63;Havnegade (7680 Thyborøn)
-1;693;Havnen
-1;695;Havrevænget
-1;698;Havtoften
-1;64;Hazevej
-1;700;Hedegårdvej
-1;316;Hedekrogen
-1;705;Hedevej
-1;715;Hegndalsvej
-1;720;Hegnsgårdvej
-1;723;Heldum Gamle Skole
-1;727;Heldumvej
-1;730;Hellasvej
-1;735;Hennysvej
-1;66;Hermodsvej
-1;745;Herupvej
-1;750;Hestbækvej
-1;67;Hestholmvej
-1;313;Hjertegræsvej
-1;765;Hjortkærvej
-1;770;Hjulmagervej
-1;773;Hollandsvej
-1;774;Holmen
-1;68;Holmevej
-1;775;Holmgårdvej (7570 Vemb, 7660 Bækmarksbro)
-1;780;Holmvej
-1;71;Horizonvej
-1;810;Houdamvej
-1;811;Houlindvej
-1;813;Houmarkvej
-1;812;Houmåvej
-1;814;Houvinkelvej
-1;815;Hovedgaden
-1;820;Hovedvejen
-1;825;Huggersgårdvej
-1;830;Hvedemarken
-1;835;Hvidstenhedevej
-1;72;Hvilehjemsvej
-1;840;Hvingelbyvej
-1;850;Hvolgårdvej
-1;853;Hybenvej
-1;855;Hyldalvej
-1;857;Hyldeparken
-1;860;Hyldgårdvej
-1;862;Hyttevej
-1;657;Håndværkervænget
-1;865;Høgevej
-1;870;Høgsgårdvej
-1;875;Højbakken
-1;880;Højbjergvej
-1;885;Højbovej
-1;890;Højgårdvej
-1;895;Højlandvej
-1;900;Højlundvej
-1;905;Højmarkvej
-1;910;Højrisvej
-1;915;Høvsørevej (7650 Bøvlingbjerg, 7620 Lemvig)
-1;923;I.M.S. Stræde
-1;73;Ibsensvej
-1;74;Idrætsvej
-1;920;Idylvej
-1;925;Industrivej (7620 Lemvig)
-1;78;Industrivej (7673 Harboøre)
-1;79;Insektvej
-1;926;Jagtfalkevej
-1;928;Jagtvej (7620 Lemvig, 7600 Struer)
-1;83;Jagtvej (7680 Thyborøn)
-1;84;Jegindøvej
-1;930;Jens Søndergårds Vej
-1;88;Jernbanegade
-1;935;Jevnakervej
-1;89;John Brights Vej
-1;244;Johnny Madsens Vej
-1;945;Juelsgårdvej
-1;948;Jupitervej
-1;950;Jyllandsgade
-1;960;Kabbelvej
-1;92;Karolinevej
-1;965;Kattenhøjvej
-1;970;Kikkenborgvej
-1;975;Kildevej
-1;980;Kirkebyen
-1;985;Kirkebyvej
-1;93;Kirkegaardsvej
-1;94;Kirkegade
-1;990;Kirkensgårdvej
-1;993;Kirkevang
-1;995;Kirkevej (7620 Lemvig)
-1;96;Kirkevej (7680 Thyborøn)
-1;1000;Kjeldbjergvej
-1;1005;Kjeldervej
-1;1007;Kjærsgårdvej
-1;1009;Klinkbyvænget
-1;1010;Klintevej
-1;97;Klitvej
-1;1015;Klosterhedevej
-1;1020;Klostermøllevej
-1;1025;Klostervej
-1;1026;Klydevej (7650 Bøvlingbjerg)
-1;98;Klydevej (7680 Thyborøn)
-1;1027;Kløvermarken
-1;1028;Kløvervej (7620 Lemvig)
-1;103;Kløvervej (7673 Harboøre)
-1;1029;Knagesvej
-1;1030;Knakkervej
-1;104;Knaresbrovej
-1;109;Knortevej
-1;1035;Knud Eels Vej
-1;1040;Knudsgårdvej
-1;1045;Kobberholmvej
-1;1050;Kokholmvej
-1;1055;Koldborgvej
-1;1060;Koldsøvej
-1;112;Kolisvej
-1;1061;Kollegievej
-1;1063;Kondorvej
-1;1064;Kongensgårdparken
-1;1065;Konsul Andersensgade
-1;1070;Korsveje
-1;1075;Krarupvej
-1;1080;Kresten Bertelsens Vej
-1;1085;Kresten Bjerres Vej
-1;1090;Krogsgårdvej
-1;1095;Krogshedevej
-1;1100;Kronhedevej
-1;1105;Kræmmergårdvej
-1;1110;Krøjkærvej
-1;113;Kullervej
-1;1115;Kviesgårdvej
-1;114;Kystcentervej
-1;955;Kåsgårdvej
-1;117;Kæret
-1;1125;Kærvej
-1;1130;Landbolystvej
-1;1135;Langbossen
-1;1140;Langelinie
-1;119;Langerhusevej
-1;122;Langholmkaj
-1;1142;Lars Eriksens Stræde
-1;1145;Lars Eriksens Vej
-1;1150;Laugesvej
-1;1155;Lemtorpvej
-1;1160;Lemvigvej (7620 Lemvig)
-1;123;Lemvigvej (7673 Harboøre)
-1;1165;Lergravvej
-1;124;Libravej
-1;308;Lidenlunden
-1;1167;Lillebjergvej
-1;127;Limfjordsvej
-1;1170;Linde Alle
-1;1172;Lindegården
-1;1175;Lindevej
-1;1178;Linesvej
-1;1180;Lisbyvej
-1;128;Ll Flyvholmvej
-1;1182;Lokesvej
-1;1185;Lomborgvej
-1;129;Lucievej
-1;1190;Lundsbyvej
-1;1195;Lundvej
-1;1197;Lupinvej
-1;281;Lykkehøjvej
-1;1200;Lykkesgårdvej
-1;1202;Lyngsletten
-1;131;Lærkegade
-1;1204;Lærkegården
-1;1205;Lærkevej (7620 Lemvig)
-1;132;Lærkevej (7680 Thyborøn)
-1;134;Læsøvej
-1;1215;Løgbjergvej
-1;1220;Løkkevej
-1;1230;Mads Kjærs Vej
-1;137;Manøvej
-1;1235;Marievej
-1;1240;Markskellet
-1;138;Markvej
-1;1245;Marsbjergvej
-1;1250;Mathildevej
-1;1255;Mattrupsvej
-1;1260;Mejerivejen
-1;1265;Mejsevej
-1;1270;Meldmosevej
-1;1275;Mellemvej
-1;139;Merchantvej
-1;1280;Merkurvej
-1;1283;Mimersvej
-1;1288;Moeskjærvej
-1;1285;Mollerupvej
-1;141;Morsøvej
-1;1290;Mosevej
-1;1291;Mosevænget
-1;1295;Muldtoftvej
-1;1300;Mullesgårdvej
-1;1305;Musvågevej
-1;1307;Myntevej
-1;147;Mågegade
-1;1223;Mågevej (7650 Bøvlingbjerg)
-1;148;Mågevej (7680 Thyborøn)
-1;296;Mårgårdsvej
-1;1225;Mårupgårdvej
-1;1310;Mægbækvej
-1;1320;Møborgkirkevej
-1;1315;Møborgåvej (7660 Bækmarksbro, 7570 Vemb)
-1;1325;Mølgårdvej
-1;1330;Møllegårdsvej (7620 Lemvig)
-1;146;Møllegårdsvej (7673 Harboøre)
-1;1335;Møllevej
-1;1337;Møllevænget
-1;1339;Møltoftvej
-1;1340;Møltrupvej (7620 Lemvig, 7650 Bøvlingbjerg)
-1;149;Nautilusvej
-1;1342;Navervej
-1;151;Neerlandiavej
-1;1344;Neesvej
-1;1346;Nejrupvej
-1;1347;Nellikevej
-1;1349;Neptunvej
-1;1350;Niels Bjerres Vej
-1;1355;Nis Petersens Vej
-1;1360;Nissumvej
-1;152;Noersgaardsvej
-1;1363;Noersgårdvej
-1;1365;Nordenbjergvej
-1;1370;Nordenkærvej
-1;1375;Nordkap (7650 Bøvlingbjerg)
-1;153;Nordkap (7680 Thyborøn)
-1;154;Nordsøkaj
-1;156;Normarkvej
-1;158;Ny Pakhusvej
-1;1415;Ny Rishøjvej
-1;1387;Nyborgvej
-1;1390;Nybrovej
-1;1400;Nygade
-1;1395;Nygårdvej
-1;1405;Nyholmvej
-1;1410;Nylindvej
-1;1412;Nylund
-1;1420;Nyvang
-1;1425;Nødskovvej
-1;1430;Nøragervej
-1;1435;Nørbysvej
-1;1440;Nørgårdvej
-1;1454;Nørmarksvej
-1;1382;Nørre Damhusvej
-1;1385;Nørre Lisbjergvej
-1;1458;Nørrealle
-1;1468;Nørrebjerg
-1;1471;Nørregade (7620 Lemvig)
-1;161;Nørregade (7673 Harboøre)
-1;1473;Nørreled
-1;1474;Nørrelundvej
-1;1475;Nørremøllevej
-1;1479;Nørrevang
-1;166;Nørrevej
-1;1482;Nørtoftvej
-1;1483;Odinsvej
-1;168;Olievej
-1;1485;Ovenmøllevej (7660 Bækmarksbro, 7620 Lemvig)
-1;1490;Overbyvej
-1;1500;Paradisbakken
-1;1505;Paradisvej
-1;1510;Pederstoft
-1;1515;Pilgårdvej
-1;1520;Pillevej
-1;1525;Pindsmarkvej
-1;1527;Pindstrupvej (7660 Bækmarksbro, 7620 Lemvig)
-1;1530;Pinholtvej
-1;1545;Pletvej
-1;1546;Plutovej
-1;1547;Porsevej
-1;1548;Portvænget
-1;1550;Posthusgade
-1;309;Pragtstjernevej
-1;1555;Præstegårdsvej
-1;1560;Præstegårdsvænget
-1;1563;Præstevangen
-1;1565;Præstevej
-1;1567;Præstevænget
-1;1570;Pugholmvej
-1;1495;Påkærvej
-1;1575;Qvistgårdsvej
-1;1598;Rammedigevej
-1;1600;Rammegårdvej
-1;1605;Rammehavevej
-1;1610;Rammekærvej
-1;1615;Rammevej
-1;1620;Rattrupvej
-1;291;Rav-Aages Vej
-1;1632;Ravndalvej
-1;1633;Ravnsbækvej
-1;1635;Redningsvej
-1;1640;Refskovvej
-1;1647;Remmerstrandvej
-1;1650;Remmervej
-1;1655;Resenvej (7600 Struer, 7620 Lemvig)
-1;1658;Ringgade
-1;1665;Ringkøbingvej (7660 Bækmarksbro, 7620 Lemvig)
-1;1667;Ringvej
-1;1670;Risbækvej
-1;1672;Rolighedsvej (7620 Lemvig)
-1;173;Rolighedsvej (7673 Harboøre)
-1;1683;Rom Skole
-1;1676;Rombyvej
-1;1680;Romledvej
-1;1685;Romvej
-1;1690;Rosenlundvej
-1;1695;Rosenvænget (7620 Lemvig)
-1;174;Rosenvænget (7673 Harboøre)
-1;1700;Rubyvej
-1;1702;Rugmarken
-1;1705;Rugvænget (7650 Bøvlingbjerg)
-1;176;Rugvænget (7673 Harboøre)
-1;178;Rypevej
-1;179;Ryttergårdsvej
-1;1580;Råbjerghøj
-1;1585;Råbjergvej
-1;1590;Rådhusgade
-1;1592;Rådhusvænget
-1;1595;Råkærvej
-1;1715;Rødemøllevej
-1;181;Rødspættevej
-1;1720;Røjgårdvej
-1;1722;Røllikevej
-1;184;Rømøvej
-1;1725;Rønbjerghage
-1;186;Rønbovej
-1;189;Røngårdsvej
-1;1727;Rønnegården
-1;193;Samsøvej
-1;1735;Sandbækvej
-1;1740;Sandehusvej
-1;1745;Sandholmvej (7620 Lemvig)
-1;194;Sandholmvej (7673 Harboøre)
-1;1750;Sandmandsgårdvej
-1;196;Sandsgårdsvej
-1;1281;Saturnvej
-1;1755;Saugmandsvej (7660 Bækmarksbro, 7620 Lemvig)
-1;1765;Sejbjerg
-1;1768;Sejrsvej
-1;1770;Seminarievej
-1;1775;Serupvej
-1;1773;Servicevej
-1;1780;Sillebjergvej
-1;1785;Sinkbækvej
-1;1790;Skalstrupvej
-1;198;Skalvej
-1;1810;Skodborgvej
-1;1816;Skolegade (7620 Lemvig)
-1;199;Skolegade (7673 Harboøre)
-1;1822;Skolevej (7620 Lemvig)
-1;201;Skolevej (7680 Thyborøn)
-1;1824;Skolevænget
-1;1860;Skous Gade
-1;1825;Skovbakken
-1;1826;Skovbrynet
-1;1827;Skovbygårdvej
-1;1830;Skovgårdvej
-1;1835;Skovhøjvej
-1;1840;Skovlundvej (7620 Lemvig, 7600 Struer)
-1;1845;Skovlyvej
-1;1846;Skovparken
-1;202;Skovstien
-1;1847;Skovstjernevej
-1;1850;Skovvangvej
-1;1858;Skovvej
-1;1866;Skråningen
-1;1870;Skrællevej
-1;1876;Skrænten
-1;1877;Skydebanevej (7660 Bækmarksbro, 7620 Lemvig)
-1;1878;Skærtoft
-1;1880;Skødbækvej
-1;203;Slettevej
-1;1885;Smedegyden
-1;1883;Smedegårdvej
-1;1887;Smedevej
-1;1890;Smedsbolvej
-1;1895;Smøgen
-1;1900;Smørpøtvej
-1;204;Sneglevej
-1;1905;Sodborgvej
-1;1910;Solbakkevej
-1;1915;Solhøjvej (7650 Bøvlingbjerg, 7620 Lemvig)
-1;1920;Solitudevej
-1;208;Sollefteavej
-1;1922;Sollystvej
-1;1925;Solnæs
-1;1928;Soltoften
-1;1930;Solvangen
-1;1935;Sporvej
-1;209;Sprogøvej
-1;211;Spættevej
-1;1937;Stadionvej (7570 Vemb)
-1;212;Stadionvej (7673 Harboøre)
-1;1940;Stalhøjevej
-1;1945;Stamphøjvej
-1;1950;Stationspladsen
-1;1955;Stationsvej (7620 Lemvig)
-1;213;Stationsvej (7673 Harboøre)
-1;216;Stausholmvej
-1;1970;Stenbækvej
-1;1975;Stigårdvej
-1;1978;Stokholmvej
-1;1980;Storbjergvej
-1;1985;Store Bonnetvej
-1;1990;Storegade
-1;217;Stormgade
-1;1993;Stovgårdvej (7660 Bækmarksbro, 7620 Lemvig)
-1;1995;Stranden
-1;2000;Strandgade
-1;2005;Strandvejen (7620 Lemvig)
-1;218;Strandvejen (7673 Harboøre)
-1;2010;Strøggade
-1;2015;Sudergårdvej
-1;2018;Sundsdahlvej
-1;2020;Surkjærvej
-1;219;Svampevej
-1;221;Svanegade
-1;2025;Svanevej
-1;223;Svanholmkaj
-1;2030;Svendsgårdvej
-1;2035;Svinget
-1;2040;Svirrebom
-1;224;Sydhalevej
-1;279;Sydhavnsvej (7680 Thyborøn, 7673 Harboøre)
-1;2045;Sydvangen
-1;226;Sylphidevej
-1;2047;Syrenvej
-1;2050;Sækkehusvej (7660 Bækmarksbro, 7620 Lemvig)
-1;2055;Søbakken
-1;303;Søglimt
-1;2060;Søgårdevejen
-1;2063;Søhusvej
-1;2064;Søhusvænget
-1;2065;Søhøj
-1;2070;Søjbjergvej
-1;304;Søkig
-1;2073;Sølystvej (7620 Lemvig)
-1;227;Sølystvej (7673 Harboøre)
-1;1760;Sønder Dalgårdvej
-1;2075;Sønderalle
-1;302;Sønderbakken
-1;2077;Sønderbjerg
-1;2080;Sønderbyvej
-1;2090;Søndergade (7620 Lemvig)
-1;229;Søndergade (7673 Harboøre)
-1;2092;Søndergårdvej
-1;2094;Søndermarken
-1;2095;Søndermarkvej
-1;2098;Sønderskovvej (7650 Bøvlingbjerg, 7620 Lemvig)
-1;2101;Søndervang
-1;2105;Søtoft
-1;2110;Søvejen
-1;2117;Tangshøjvej
-1;2118;Tangsøgade
-1;2120;Tangsøvej
-1;2125;Tangvej
-1;231;Tankskibsvej
-1;2140;Tannebækvej
-1;2145;Teglgårdsbakken
-1;2153;Teglgårdsvej
-1;2155;Teglvænget
-1;232;Ternegade
-1;234;Ternevej
-1;236;Themisvej
-1;2160;Thingtoftevej
-1;237;Thurøvej
-1;2165;Thyborønvej (7673 Harboøre, 7620 Lemvig, 7680 Thyborøn)
-1;2170;Thøger Larsens Vej
-1;2175;Tinghøj
-1;2180;Tingvej
-1;2185;Tjursdalvej (7620 Lemvig, 7660 Bækmarksbro)
-1;241;Tobisvej
-1;2190;Toelbjergvej
-1;2195;Toften
-1;2200;Toftevej
-1;2205;Toftingvej
-1;2207;Toldbodgade
-1;242;Tolumvej
-1;2210;Torngårdvej
-1;2217;Torsmindevej (7620 Lemvig, 6990 Ulfborg, 7650 Bøvlingbjerg)
-1;2219;Torsvej
-1;2221;Torvet
-1;2225;Trabjerggårdvej
-1;2226;Transportvej
-1;2227;Transvej
-1;243;Trawlvej
-1;284;Trekronervej
-1;2230;Trelborgvej
-1;2235;Troldhøjvej
-1;2240;Tuskærvej
-1;2245;Tvedvej
-1;2250;Tværgade
-1;2252;Tårnfalkevej
-1;2115;Tårnvej
-1;292;Tøthusevej
-1;2253;Udsigten
-1;2255;Uglevej
-1;2260;Ulfsundvej (7660 Bækmarksbro, 7570 Vemb, 7650 Bøvlingbjerg)
-1;2265;Vadskærvej
-1;2270;Vandborgvej
-1;251;Vandværksvej
-1;2275;Vangevej
-1;2280;Vasen
-1;2290;Vejbjerg
-1;254;Vejlby Klit
-1;342;Venusvej
-1;255;Venøvej
-1;2295;Vestavej
-1;2297;Vester Lemtorp
-1;2300;Vesterbjerg
-1;2310;Vestergade
-1;2305;Vestergårdvej
-1;2315;Vesterhavsgade (7620 Lemvig)
-1;256;Vesterhavsgade (7680 Thyborøn, 7673 Harboøre)
-1;2320;Vesterled
-1;2323;Vesterlidevej
-1;2325;Vestermark
-1;2330;Vestermøllevej
-1;257;Vestvej
-1;2333;Vibevej (7620 Lemvig)
-1;259;Vibevej (7680 Thyborøn)
-1;2335;Vibevænget
-1;2340;Vibshedevej
-1;261;Viktoriavej
-1;2342;Vilhelmsborgvej (7660 Bækmarksbro, 7620 Lemvig)
-1;2343;Villemoesparken
-1;2344;Vinkelhagevej
-1;2345;Vinkelvej
-1;2346;Vintersgårdvej
-1;2347;Violvej (7620 Lemvig)
-1;262;Violvej (7673 Harboøre)
-1;2350;Viumvej
-1;2355;Voldervej (7620 Lemvig, 7650 Bøvlingbjerg)
-1;2360;Voldgade
-1;267;Vristvej
-1;2365;Vråvej
-1;2370;Vænget
-1;269;Værftskaj
-1;273;Værftsvej
-1;2375;Værkstedsvej
-1;274;Værmlandvej
-1;2380;Vølundvej
-1;2383;Weibelsgade
-1;2385;Ydunslund
-1;2390;Ydunsvej
-1;2395;Ydunsvænge
-1;5;Åbergvej
-1;10;Åbogårdvej
-1;12;Åbrinkvej
-1;22;Ågade
-1;15;Ågårdsvej
-1;25;Åkjærvej
-1;30;Åvænget
-1;2403;Ærenprisvej
-1;2405;Ærtbjergvej
-1;276;Ærøvej
-1;2415;Ørnevej
-1;2420;Ørsvej
-1;2440;Øster Dalgårdvej
-1;2410;Øster Lundgårdvej
-1;2455;Øster Nørbyvej
-1;2425;Østerbjerg
-1;2430;Østerbom
-1;2435;Østerbrogade
-1;1932;Østerbys Torv
-1;2445;Østergade
-1;2450;Østerled
-1;2458;Østkærvej
-1;2460;Østvangen
